{
  "experiment": 13,
  "objective": "maximize usd_per_month with PF>1.5",
  "rule_used": "max $/month under PF>1.5",
  "baseline_before_experiment": {
    "tag": "round2_baseline_v13_1000k",
    "report_path": "/Users/codygnon/Documents/usdjpy_assistant/research_out/round2_baseline_v13_1000k_report.json",
    "trades_path": "/Users/codygnon/Documents/usdjpy_assistant/research_out/round2_baseline_v13_1000k_trades.csv",
    "equity_path": "/Users/codygnon/Documents/usdjpy_assistant/research_out/round2_baseline_v13_1000k_equity.csv",
    "months": 32.465001140771165,
    "trades": 41,
    "wr": 78.04878048780488,
    "pf": 3.7916653797269726,
    "net_usd": 1319.2580512418715,
    "max_dd_usd": 219.15567794942763,
    "max_dd_pct": 0.21713688609416373,
    "usd_per_month": 40.63631618312441,
    "net_over_maxdd": 6.019730191732945,
    "avg_win_pips": 6.110213409914074,
    "avg_loss_pips": -7.642592592592084,
    "expectancy_per_trade": 32.17702564004565
  },
  "variant_results": [
    {
      "tag": "r2_exp13_13A",
      "report_path": "/Users/codygnon/Documents/usdjpy_assistant/research_out/r2_exp13_13A_report.json",
      "trades_path": "/Users/codygnon/Documents/usdjpy_assistant/research_out/r2_exp13_13A_trades.csv",
      "equity_path": "/Users/codygnon/Documents/usdjpy_assistant/research_out/r2_exp13_13A_equity.csv",
      "months": 32.465001140771165,
      "trades": 41,
      "wr": 78.04878048780488,
      "pf": 3.7916653797269726,
      "net_usd": 1319.2580512418715,
      "max_dd_usd": 219.15567794942763,
      "max_dd_pct": 0.21713688609416373,
      "usd_per_month": 40.63631618312441,
      "net_over_maxdd": 6.019730191732945,
      "avg_win_pips": 6.110213409914074,
      "avg_loss_pips": -7.642592592592084,
      "expectancy_per_trade": 32.17702564004565,
      "variant": "13A",
      "label": "ADX<=20"
    },
    {
      "tag": "r2_exp13_13B",
      "report_path": "/Users/codygnon/Documents/usdjpy_assistant/research_out/r2_exp13_13B_report.json",
      "trades_path": "/Users/codygnon/Documents/usdjpy_assistant/research_out/r2_exp13_13B_trades.csv",
      "equity_path": "/Users/codygnon/Documents/usdjpy_assistant/research_out/r2_exp13_13B_equity.csv",
      "months": 32.465001140771165,
      "trades": 52,
      "wr": 76.92307692307693,
      "pf": 3.450144425866179,
      "net_usd": 1471.1080552740123,
      "max_dd_usd": 219.34034296227037,
      "max_dd_pct": 0.21713458644692873,
      "usd_per_month": 45.31366097586615,
      "net_over_maxdd": 6.706965236792137,
      "avg_win_pips": 5.779776136810484,
      "avg_loss_pips": -7.131944444443643,
      "expectancy_per_trade": 28.290539524500236,
      "variant": "13B",
      "label": "ADX<=22"
    },
    {
      "tag": "r2_exp13_13C",
      "report_path": "/Users/codygnon/Documents/usdjpy_assistant/research_out/r2_exp13_13C_report.json",
      "trades_path": "/Users/codygnon/Documents/usdjpy_assistant/research_out/r2_exp13_13C_trades.csv",
      "equity_path": "/Users/codygnon/Documents/usdjpy_assistant/research_out/r2_exp13_13C_equity.csv",
      "months": 32.465001140771165,
      "trades": 64,
      "wr": 75.0,
      "pf": 2.8979992303489746,
      "net_usd": 1648.4814724802336,
      "max_dd_usd": 340.97282970603555,
      "max_dd_pct": 0.33788689598719135,
      "usd_per_month": 50.77718818897525,
      "net_over_maxdd": 4.83464173348195,
      "avg_win_pips": 5.818822160590995,
      "avg_loss_pips": -7.355208333332186,
      "expectancy_per_trade": 25.75752300750365,
      "variant": "13C",
      "label": "ADX<=25"
    },
    {
      "tag": "r2_exp13_13D",
      "report_path": "/Users/codygnon/Documents/usdjpy_assistant/research_out/r2_exp13_13D_report.json",
      "trades_path": "/Users/codygnon/Documents/usdjpy_assistant/research_out/r2_exp13_13D_trades.csv",
      "equity_path": "/Users/codygnon/Documents/usdjpy_assistant/research_out/r2_exp13_13D_equity.csv",
      "months": 32.465001140771165,
      "trades": 81,
      "wr": 80.24691358024691,
      "pf": 4.1223921203766505,
      "net_usd": 2725.899443640305,
      "max_dd_usd": 342.7003171594115,
      "max_dd_pct": 0.33788636137641775,
      "usd_per_month": 83.96424912540616,
      "net_over_maxdd": 7.954178351029414,
      "avg_win_pips": 6.159099613546209,
      "avg_loss_pips": -7.355208333332186,
      "expectancy_per_trade": 33.65307955111488,
      "variant": "13D",
      "label": "ADX<=28"
    },
    {
      "tag": "r2_exp13_13E",
      "report_path": "/Users/codygnon/Documents/usdjpy_assistant/research_out/r2_exp13_13E_report.json",
      "trades_path": "/Users/codygnon/Documents/usdjpy_assistant/research_out/r2_exp13_13E_trades.csv",
      "equity_path": "/Users/codygnon/Documents/usdjpy_assistant/research_out/r2_exp13_13E_equity.csv",
      "months": 32.465001140771165,
      "trades": 97,
      "wr": 79.38144329896907,
      "pf": 3.6525347370901797,
      "net_usd": 3011.107360687558,
      "max_dd_usd": 342.85585506389907,
      "max_dd_pct": 0.33786955896612036,
      "usd_per_month": 92.74933789871517,
      "net_over_maxdd": 8.782429456035887,
      "avg_win_pips": 6.058492798743202,
      "avg_loss_pips": -8.139166666665574,
      "expectancy_per_trade": 31.042343924614,
      "variant": "13E",
      "label": "ADX<=30"
    },
    {
      "tag": "r2_exp13_13F",
      "report_path": "/Users/codygnon/Documents/usdjpy_assistant/research_out/r2_exp13_13F_report.json",
      "trades_path": "/Users/codygnon/Documents/usdjpy_assistant/research_out/r2_exp13_13F_trades.csv",
      "equity_path": "/Users/codygnon/Documents/usdjpy_assistant/research_out/r2_exp13_13F_equity.csv",
      "months": 32.465001140771165,
      "trades": 104,
      "wr": 76.92307692307693,
      "pf": 3.090110279740204,
      "net_usd": 2907.18741398405,
      "max_dd_usd": 360.2729549952346,
      "max_dd_pct": 0.35459671269368204,
      "usd_per_month": 89.54835397597013,
      "net_over_maxdd": 8.069402306433199,
      "avg_win_pips": 6.013175467411752,
      "avg_loss_pips": -7.728472222221328,
      "expectancy_per_trade": 27.953725134462022,
      "variant": "13F",
      "label": "ADX<=32"
    },
    {
      "tag": "r2_exp13_13G",
      "report_path": "/Users/codygnon/Documents/usdjpy_assistant/research_out/r2_exp13_13G_report.json",
      "trades_path": "/Users/codygnon/Documents/usdjpy_assistant/research_out/r2_exp13_13G_trades.csv",
      "equity_path": "/Users/codygnon/Documents/usdjpy_assistant/research_out/r2_exp13_13G_equity.csv",
      "months": 32.465001140771165,
      "trades": 120,
      "wr": 76.66666666666667,
      "pf": 2.6480872708932908,
      "net_usd": 3198.6714660847115,
      "max_dd_usd": 577.3005260686041,
      "max_dd_pct": 0.5670724922753551,
      "usd_per_month": 98.52676278109415,
      "net_over_maxdd": 5.540738872814736,
      "avg_win_pips": 6.318571028649734,
      "avg_loss_pips": -9.242261904761051,
      "expectancy_per_trade": 26.65559555070593,
      "variant": "13G",
      "label": "ADX<=35"
    },
    {
      "tag": "r2_exp13_13H",
      "report_path": "/Users/codygnon/Documents/usdjpy_assistant/research_out/r2_exp13_13H_report.json",
      "trades_path": "/Users/codygnon/Documents/usdjpy_assistant/research_out/r2_exp13_13H_trades.csv",
      "equity_path": "/Users/codygnon/Documents/usdjpy_assistant/research_out/r2_exp13_13H_equity.csv",
      "months": 32.465001140771165,
      "trades": 216,
      "wr": 71.29629629629629,
      "pf": 1.431064629549836,
      "net_usd": 2865.4704618258083,
      "max_dd_usd": 1600.2683615735004,
      "max_dd_pct": 1.5628779078047592,
      "usd_per_month": 88.26337166602492,
      "net_over_maxdd": 1.790618705357812,
      "avg_win_pips": 6.395464404777575,
      "avg_loss_pips": -9.836483870967209,
      "expectancy_per_trade": 13.26606695289726,
      "variant": "13H",
      "label": "ADX disabled"
    }
  ],
  "winner": {
    "variant": "13G",
    "label": "ADX<=35",
    "trades": 120,
    "pf": 2.6480872708932908,