{
  "generated_at": "2026-03-07T05:41:21.908655+00:00",
  "dataset": "USDJPY_M1_OANDA_500k.csv",
  "baselines": {
    "v14": {
      "trades": 60,
      "win_rate": 83.33333333333334,
      "pf": 3.187924315728883,
      "net_usd": 6818.909927226709,
      "net_pips": 208.57500000003313,
      "max_dd_usd": 1400.399931338281,
      "sharpe": 3.539612353173124,
      "avg_win_pips": 6.0175000000005525,
      "avg_loss_pips": -9.22999999999945
    },
    "v44": {
      "trades": 257,
      "win_rate": 40.856,
      "pf": 1.5833,
      "net_usd": 30529.269,
      "net_pips": 664.981,
      "max_dd_usd": 6942.432,
      "sharpe": null,
      "avg_win_pips": 17.192,
      "avg_loss_pips": -7.501
    }
  },
  "variants": {
    "v14a_strength_sizing": {
      "trades": 60,
      "win_rate": 83.33333333333334,
      "pf": 3.0883091058792282,
      "net_usd": 6449.195105212466,
      "net_pips": 208.57499563817322,
      "max_dd_usd": 1372.0262962420675,
      "sharpe": 3.3716891476327238,
      "avg_win_pips": 6.017499912763355,
      "avg_loss_pips": -9.22999999999945,
      "change_vs_baseline": {
        "net_usd_delta": -369.714822,
        "pf_delta": -0.099615,
        "dd_delta": -28.373635,
        "win_rate_delta": 0.0,
        "trades_delta": 0
      }
    },
    "v14b_entry_cutoff": {
      "trades": 49,
      "win_rate": 85.71428571428571,
      "pf": 3.0134831714022083,
      "net_usd": 5753.509501231011,
      "net_pips": 175.51785714288002,
      "max_dd_usd": 1400.399931338281,
      "sharpe": 3.0651059406525554,
      "avg_win_pips": 6.190901360544692,
      "avg_loss_pips": -12.071428571428148,
      "change_vs_baseline": {
        "net_usd_delta": -1065.400426,
        "pf_delta": -0.174441,
        "dd_delta": 0.0,
        "win_rate_delta": 2.380952,
        "trades_delta": -11
      }
    },
    "v14c_atr_percentile": {
      "trades": 59,
      "win_rate": 83.05084745762711,
      "pf": 3.1473617176408295,
      "net_usd": 6692.492070453363,
      "net_pips": 204.5750000000325,
      "max_dd_usd": 1400.399931338281,
      "sharpe": 3.4762662946512566,
      "avg_win_pips": 6.058673469388306,
      "avg_loss_pips": -9.22999999999945,
      "change_vs_baseline": {
        "net_usd_delta": -126.417857,
        "pf_delta": -0.040563,
        "dd_delta": 0.0,
        "win_rate_delta": -0.282486,
        "trades_delta": -1
      }
    },
    "v44a_queued_confirm": {
      "trades": 238,
      "win_rate": 38.655,
      "pf": 1.5361,
      "net_usd": 18448.604,
      "net_pips": 570.829,
      "max_dd_usd": 8295.482,
      "sharpe": null,
      "avg_win_pips": 17.778,
      "avg_loss_pips": -7.293,
      "change_vs_baseline": {
        "net_usd_delta": -12080.665,
        "pf_delta": -0.0472,
        "dd_delta": 1353.05,
        "win_rate_delta": -2.201,
        "trades_delta": -19
      }
    },
    "v44b_exhaustion_gate": {
      "trades": 256,
      "win_rate": 41.016,
      "pf": 1.5928,
      "net_usd": 29758.895,
      "net_pips": 671.829,
      "max_dd_usd": 6998.855,
      "sharpe": null,
      "avg_win_pips": 17.192,
      "avg_loss_pips": -7.505,
      "change_vs_baseline": {
        "net_usd_delta": -770.374,
        "pf_delta": 0.0095,
        "dd_delta": 56.423,
        "win_rate_delta": 0.16,
        "trades_delta": -1
      }
    },
    "v44c_adx_minimum": {
      "trades": 254,
      "win_rate": 40.945,
      "pf": 1.6143,
      "net_usd": 34268.51,
      "net_pips": 691.052,
      "max_dd_usd": 6900.449,
      "sharpe": null,
      "avg_win_pips": 17.461,
      "avg_loss_pips": -7.5,
      "change_vs_baseline": {
        "net_usd_delta": 3739.241,
        "pf_delta": 0.031,
        "dd_delta": -41.983,
        "win_rate_delta": 0.089,
        "trades_delta": -3
      }
    }
  },
  "validation_1000k": {
    "v14_baseline": {
      "trades": 139,
      "win_rate": 76.2589928057554,
      "pf": 2.1090919628659845,
      "net_usd": 11561.18243220821,
      "net_pips": 344.92440476199135,
      "max_dd_usd": 3025.131016854386,
      "sharpe": 3.2949692042017116,
      "avg_win_pips": 6.2076201707103635,
      "avg_loss_pips": -9.487373737372947
    },
    "v44c_adx_minimum": {
      "trades": 468,
      "win_rate": 32.692,
      "pf": 0.9575,
      "net_usd": 24222.878,
      "net_pips": -99.162,
      "max_dd_usd": 18417.064,
      "sharpe": null,
      "avg_win_pips": 14.604,
      "avg_loss_pips": -7.408
    }
  },
  "recommendation": "V14: no variant improved baseline; keep baseline unchanged | V44: advance v44c_adx_minimum (best: v44c_adx_minimum)"
}