{
  "variant": "skip_monday_london_9am",
  "datasets": {
    "500k": {
      "report_path": "/Users/codygnon/Documents/usdjpy_assistant/research_out/phase2_robustness_skip_monday_london_9am_500k_report.json",
      "total_trades": 287,
      "win_rate_pct": 51.21951219512195,
      "profit_factor": 1.416355350766945,
      "net_usd": 19103.67092570301,
      "max_drawdown_usd": 5670.788082137806,
      "pct_net_from_top_5_days": 110.81393356741003,
      "best_day": "Wednesday",
      "worst_day": "Thursday",
      "best_hour_utc": 14,
      "worst_hour_utc": 15,
      "daily_pnl_top5_usd": 21169.52920854515,
      "daily_pnl_total_usd": 19103.670925703005
    },
    "1000k": {
      "report_path": "/Users/codygnon/Documents/usdjpy_assistant/research_out/phase2_robustness_skip_monday_london_9am_1000k_report.json",
      "total_trades": 544,
      "win_rate_pct": 45.036764705882355,
      "profit_factor": 1.2216601154776503,
      "net_usd": 15809.161526542845,
      "max_drawdown_usd": 13125.31830629462,
      "pct_net_from_top_5_days": 122.38775705122428,
      "best_day": "Wednesday",
      "worst_day": "Thursday",
      "best_hour_utc": 14,
      "worst_hour_utc": 9,
      "daily_pnl_top5_usd": 19348.478200940874,
      "daily_pnl_total_usd": 15809.16152654284
    }
  }
}