{
  "variant": "skip_monday",
  "datasets": {
    "500k": {
      "report_path": "/Users/codygnon/Documents/usdjpy_assistant/research_out/phase2_robustness_skip_monday_500k_report.json",
      "total_trades": 293,
      "win_rate_pct": 51.19453924914675,
      "profit_factor": 1.4144042590196884,
      "net_usd": 19184.163423524857,
      "max_drawdown_usd": 5572.533724627909,
      "pct_net_from_top_5_days": 110.15207324150897,
      "best_day": "Wednesday",
      "worst_day": "Thursday",
      "best_hour_utc": 14,
      "worst_hour_utc": 8,
      "daily_pnl_top5_usd": 21131.753745051876,
      "daily_pnl_total_usd": 19184.163423524857
    },
    "1000k": {
      "report_path": "/Users/codygnon/Documents/usdjpy_assistant/research_out/phase2_robustness_skip_monday_1000k_report.json",
      "total_trades": 568,
      "win_rate_pct": 44.36619718309859,
      "profit_factor": 1.2089832946953751,
      "net_usd": 15363.996682348388,
      "max_drawdown_usd": 13458.458227896568,
      "pct_net_from_top_5_days": 126.05788430007729,
      "best_day": "Wednesday",
      "worst_day": "Thursday",
      "best_hour_utc": 14,
      "worst_hour_utc": 8,
      "daily_pnl_top5_usd": 19367.52916170244,
      "daily_pnl_total_usd": 15363.996682348385
    }
  }
}