{
  "variant": "baseline",
  "datasets": {
    "500k": {
      "report_path": "/Users/codygnon/Documents/usdjpy_assistant/research_out/phase2_robustness_baseline_500k_report.json",
      "total_trades": 317,
      "win_rate_pct": 48.89589905362776,
      "profit_factor": 1.8192829384425169,
      "net_usd": 41935.56701280135,
      "max_drawdown_usd": 7213.563308578945,
      "pct_net_from_top_5_days": 86.4240203075975,
      "best_day": "Tuesday",
      "worst_day": "Monday",
      "best_hour_utc": 13,
      "worst_hour_utc": 15,
      "daily_pnl_top5_usd": 36242.402951249605,
      "daily_pnl_total_usd": 41935.56701280136
    },
    "1000k": {
      "report_path": "/Users/codygnon/Documents/usdjpy_assistant/research_out/phase2_robustness_baseline_1000k_report.json",
      "total_trades": 615,
      "win_rate_pct": 42.4390243902439,
      "profit_factor": 1.6162560479465788,
      "net_usd": 44197.595650799216,
      "max_drawdown_usd": 13577.79796608338,
      "pct_net_from_top_5_days": 97.6894675178448,
      "best_day": "Tuesday",
      "worst_day": "Monday",
      "best_hour_utc": 13,
      "worst_hour_utc": 15,
      "daily_pnl_top5_usd": 43176.395846955886,
      "daily_pnl_total_usd": 44197.595650799216
    }
  }
}