{
  "source_report": "research_out/session_momentum_v32b_500k.json",
  "source_csv": "research_out/USDJPY_M1_OANDA_500k.csv",
  "trades_analyzed": 204,
  "trades_skipped_missing_path": 0,
  "method": "MAE/MFE from liquidation-adjusted M1 OHLC path (session-mean spread model)",
  "overall": {
    "trades": 204,
    "win_rate": 44.11764705882353,
    "net_pips": 493.90344136843,
    "net_usd": 32731.01080400276,
    "avg_duration_min": 40.029411764705884,
    "median_duration_min": 25.0,
    "avg_mae_pips": -8.285791911764377,
    "median_mae_pips": -8.300700000000916,
    "avg_mfe_pips": 12.901530392157166,
    "median_mfe_pips": 7.943400000002043,
    "avg_time_to_mfe_min": 28.980392156862745,
    "median_time_to_mfe_min": 14.0,
    "avg_time_to_mae_min": 13.857843137254902,
    "median_time_to_mae_min": 6.0
  },
  "winners": {
    "trades": 90,
    "win_rate": 100.0,
    "net_pips": 1328.7768413682857,
    "net_usd": 96402.70497027536,
    "avg_duration_min": 62.82222222222222,
    "median_duration_min": 59.5,
    "avg_mae_pips": -5.6770488888883754,
    "median_mae_pips": -5.450700000002939,
    "avg_mfe_pips": 25.884496666667342,
    "median_mfe_pips": 22.761974999998813,
    "avg_time_to_mfe_min": 54.21111111111111,
    "median_time_to_mfe_min": 51.5,
    "avg_time_to_mae_min": 6.166666666666667,
    "median_time_to_mae_min": 0.0
  },
  "losers": {
    "trades": 114,
    "win_rate": 0.0,
    "net_pips": -834.8733999998558,
    "net_usd": -63671.69416627262,
    "avg_duration_min": 22.035087719298247,
    "median_duration_min": 12.0,
    "avg_mae_pips": -10.3453258771928,
    "median_mae_pips": -9.253649999999425,
    "avg_mfe_pips": 2.6518201754386017,
    "median_mfe_pips": 1.193400000002498,
    "avg_time_to_mfe_min": 9.06140350877193,
    "median_time_to_mfe_min": 3.0,
    "avg_time_to_mae_min": 19.92982456140351,
    "median_time_to_mae_min": 10.5
  },
  "time_to_close": {
    "avg_winner_min": 62.82222222222222,
    "median_winner_min": 59.5,
    "avg_loser_min": 22.035087719298247,
    "median_loser_min": 12.0
  },
  "session_breakdown": {
    "london": {
      "trades": 105,
      "win_rate": 41.904761904761905,
      "net_pips": 104.10481868238719,
      "net_usd": 2284.327842807443,
      "avg_duration_min": 41.72380952380952,
      "median_duration_min": 24.0,
      "avg_mae_pips": -7.826172857145095,
      "median_mae_pips": -8.20070000000328,
      "avg_mfe_pips": 11.252673333331293,
      "median_mfe_pips": 6.699299999996811,
      "avg_time_to_mfe_min": 29.304761904761904,
      "median_time_to_mfe_min": 14.0,
      "avg_time_to_mae_min": 15.371428571428572,
      "median_time_to_mae_min": 6.0
    },
    "ny_overlap": {
      "trades": 99,
      "win_rate": 46.464646464646464,
      "net_pips": 389.7986226860428,
      "net_usd": 30446.682961195307,
      "avg_duration_min": 38.23232323232323,
      "median_duration_min": 25.0,
      "avg_mae_pips": -8.773266666663613,
      "median_mae_pips": -8.306599999997388,
      "avg_mfe_pips": 14.650318181820971,
      "median_mfe_pips": 10.89340000000334,
      "avg_time_to_mfe_min": 28.636363636363637,
      "median_time_to_mfe_min": 13.0,
      "avg_time_to_mae_min": 12.252525252525253,
      "median_time_to_mae_min": 5.0
    }
  },
  "efficiency": {
    "mfe_capture_ratio_avg": 58.221679218161405,
    "winners_mfe_gte_tp1_pct": 87.77777777777777,
    "all_mfe_gte_tp1_pct": 38.72549019607843,
    "all_mae_lte_neg_sl_pct": 56.86274509803921
  },
  "monthly": [
    {
      "trades": 1,
      "win_rate": 0.0,
      "net_pips": -8.653299999997444,
      "net_usd": -900.5102081327016,
      "avg_duration_min": 5.0,
      "median_duration_min": 5.0,
      "avg_mae_pips": -14.306599999994773,
      "median_mae_pips": -14.306599999994773,
      "avg_mfe_pips": -0.30659999999613774,
      "median_mfe_pips": -0.30659999999613774,
      "avg_time_to_mfe_min": 1.0,
      "median_time_to_mfe_min": 1.0,
      "avg_time_to_mae_min": 5.0,
      "median_time_to_mae_min": 5.0,
      "month": "2024-10"
    },
    {
      "trades": 14,
      "win_rate": 21.428571428571427,
      "net_pips": -50.2010662250413,
      "net_usd": -6030.933718673785,
      "avg_duration_min": 31.857142857142858,
      "median_duration_min": 18.5,
      "avg_mae_pips": -14.125078571428114,
      "median_mae_pips": -8.806599999996934,
      "avg_mfe_pips": 6.996350000000616,
      "median_mfe_pips": 7.843400000002987,
      "avg_time_to_mfe_min": 19.928571428571427,
      "median_time_to_mfe_min": 8.5,
      "avg_time_to_mae_min": 19.571428571428573,
      "median_time_to_mae_min": 13.0,
      "month": "2024-11"
    },
    {
      "trades": 14,
      "win_rate": 21.428571428571427,
      "net_pips": -44.67391810040084,
      "net_usd": -3502.1454768002295,
      "avg_duration_min": 20.928571428571427,
      "median_duration_min": 13.0,
      "avg_mae_pips": -9.462478571426962,
      "median_mae_pips": -8.90659999999599,
      "avg_mfe_pips": 6.387521428572792,
      "median_mfe_pips": 1.1963500000007343,
      "avg_time_to_mfe_min": 15.714285714285714,
      "median_time_to_mfe_min": 6.0,
      "avg_time_to_mae_min": 10.571428571428571,
      "median_time_to_mae_min": 8.5,
      "month": "2025-01"
    },
    {
      "trades": 18,
      "win_rate": 50.0,
      "net_pips": 107.43955430960995,
      "net_usd": 3195.076171534358,
      "avg_duration_min": 36.77777777777778,
      "median_duration_min": 17.5,
      "avg_mae_pips": -7.627183333331623,
      "median_mae_pips": -7.503649999999595,
      "avg_mfe_pips": 16.300797222223984,
      "median_mfe_pips": 6.982550000002163,
      "avg_time_to_mfe_min": 25.944444444444443,
      "median_time_to_mfe_min": 4.0,
      "avg_time_to_mae_min": 10.444444444444445,
      "median_time_to_mae_min": 3.5,
      "month": "2025-02"
    },
    {
      "trades": 19,
      "win_rate": 47.368421052631575,
      "net_pips": 66.43991376537173,
      "net_usd": 5551.410691300501,
      "avg_duration_min": 44.578947368421055,
      "median_duration_min": 22.0,
      "avg_mae_pips": -7.54373684210664,
      "median_mae_pips": -8.100700000002803,
      "avg_mfe_pips": 11.402371052630512,
      "median_mfe_pips": 7.499299999997788,
      "avg_time_to_mfe_min": 36.89473684210526,
      "median_time_to_mfe_min": 22.0,
      "avg_time_to_mae_min": 11.789473684210526,
      "median_time_to_mae_min": 10.0,
      "month": "2025-03"
    },
    {
      "trades": 14,
      "win_rate": 42.857142857142854,
      "net_pips": 30.955249999990432,
      "net_usd": 2895.0654946560653,
      "avg_duration_min": 15.142857142857142,
      "median_duration_min": 10.0,
      "avg_mae_pips": -8.754492857141827,
      "median_mae_pips": -9.203649999999186,
      "avg_mfe_pips": 12.93836428571536,
      "median_mfe_pips": 8.193400000001816,
      "avg_time_to_mfe_min": 11.071428571428571,
      "median_time_to_mfe_min": 5.0,
      "avg_time_to_mae_min": 5.0,
      "median_time_to_mae_min": 3.5,
      "month": "2025-04"
    },
    {
      "trades": 14,
      "win_rate": 14.285714285714285,
      "net_pips": -79.28473999999255,
      "net_usd": -6632.895627733353,
      "avg_duration_min": 29.285714285714285,
      "median_duration_min": 35.0,
      "avg_mae_pips": -9.931800000000075,
      "median_mae_pips": -9.800700000002394,
      "avg_mfe_pips": 7.596771428571003,
      "median_mfe_pips": 6.499299999997277,
      "avg_time_to_mfe_min": 10.214285714285714,
      "median_time_to_mfe_min": 9.5,
      "avg_time_to_mae_min": 23.071428571428573,
      "median_time_to_mae_min": 22.0,
      "month": "2025-05"
    },
    {
      "trades": 21,
      "win_rate": 52.38095238095239,
      "net_pips": 115.25369470815663,
      "net_usd": 9325.11714788097,
      "avg_duration_min": 38.476190476190474,
      "median_duration_min": 24.0,
      "avg_mae_pips": -7.098466666666138,
      "median_mae_pips": -6.700700000001802,
      "avg_mfe_pips": 13.69946666666657,
      "median_mfe_pips": 11.293400000002407,