{
  "source_report": "research_out/session_momentum_v32b_250k.json",
  "source_csv": "research_out/USDJPY_M1_OANDA_250k.csv",
  "trades_analyzed": 89,
  "trades_skipped_missing_path": 0,
  "method": "MAE/MFE from liquidation-adjusted M1 OHLC path (session-mean spread model)",
  "overall": {
    "trades": 89,
    "win_rate": 52.80898876404494,
    "net_pips": 356.6280529107334,
    "net_usd": 29589.928485275235,
    "avg_duration_min": 50.37078651685393,
    "median_duration_min": 43.0,
    "avg_mae_pips": -7.353628651685348,
    "median_mae_pips": -7.600700000003258,
    "avg_mfe_pips": 15.276455056179907,
    "median_mfe_pips": 10.89340000000334,
    "avg_time_to_mfe_min": 37.47191011235955,
    "median_time_to_mfe_min": 23.0,
    "avg_time_to_mae_min": 16.348314606741575,
    "median_time_to_mae_min": 6.0
  },
  "winners": {
    "trades": 47,
    "win_rate": 100.0,
    "net_pips": 660.3829529106947,
    "net_usd": 55195.97178550467,
    "avg_duration_min": 70.02127659574468,
    "median_duration_min": 70.0,
    "avg_mae_pips": -5.688693617021042,
    "median_mae_pips": -5.400700000004122,
    "avg_mfe_pips": 26.86668510638358,
    "median_mfe_pips": 22.72465000000068,
    "avg_time_to_mfe_min": 59.191489361702125,
    "median_time_to_mfe_min": 54.0,
    "avg_time_to_mae_min": 7.829787234042553,
    "median_time_to_mae_min": 0.0
  },
  "losers": {
    "trades": 42,
    "win_rate": 0.0,
    "net_pips": -303.7548999999615,
    "net_usd": -25606.043300229423,
    "avg_duration_min": 28.38095238095238,
    "median_duration_min": 17.5,
    "avg_mae_pips": -9.216770238095405,
    "median_mae_pips": -9.053650000001312,
    "avg_mfe_pips": 2.3064357142853202,
    "median_mfe_pips": 0.7963500000002455,
    "avg_time_to_mfe_min": 13.166666666666666,
    "median_time_to_mfe_min": 4.0,
    "avg_time_to_mae_min": 25.88095238095238,
    "median_time_to_mae_min": 17.0
  },
  "time_to_close": {
    "avg_winner_min": 70.02127659574468,
    "median_winner_min": 70.0,
    "avg_loser_min": 28.38095238095238,
    "median_loser_min": 17.5
  },
  "session_breakdown": {
    "london": {
      "trades": 49,
      "win_rate": 48.97959183673469,
      "net_pips": 132.30264212430143,
      "net_usd": 7770.9810024939725,
      "avg_duration_min": 49.93877551020408,
      "median_duration_min": 44.0,
      "avg_mae_pips": -7.392019387757395,
      "median_mae_pips": -7.600700000003258,
      "avg_mfe_pips": 14.70343877550814,
      "median_mfe_pips": 7.699299999995901,
      "avg_time_to_mfe_min": 35.93877551020408,
      "median_time_to_mfe_min": 22.0,
      "avg_time_to_mae_min": 18.06122448979592,
      "median_time_to_mae_min": 6.0
    },
    "ny_overlap": {
      "trades": 40,
      "win_rate": 57.49999999999999,
      "net_pips": 224.32541078643197,
      "net_usd": 21818.947482781263,
      "avg_duration_min": 50.9,
      "median_duration_min": 40.5,
      "avg_mae_pips": -7.30659999999709,
      "median_mae_pips": -7.556599999996649,
      "avg_mfe_pips": 15.978400000002821,
      "median_mfe_pips": 17.193400000002157,
      "avg_time_to_mfe_min": 39.35,
      "median_time_to_mfe_min": 23.5,
      "avg_time_to_mae_min": 14.25,
      "median_time_to_mae_min": 5.0
    }
  },
  "efficiency": {
    "mfe_capture_ratio_avg": 57.252527246493436,
    "winners_mfe_gte_tp1_pct": 87.2340425531915,
    "all_mfe_gte_tp1_pct": 46.06741573033708,
    "all_mae_lte_neg_sl_pct": 50.56179775280899
  },
  "monthly": [
    {
      "trades": 16,
      "win_rate": 43.75,
      "net_pips": 11.841136024890488,
      "net_usd": 976.8444620244454,
      "avg_duration_min": 47.5,
      "median_duration_min": 44.5,
      "avg_mae_pips": -8.202912500000004,
      "median_mae_pips": -8.456599999995262,
      "avg_mfe_pips": 10.986171874999862,
      "median_mfe_pips": 8.799299999998311,
      "avg_time_to_mfe_min": 36.0,
      "median_time_to_mfe_min": 26.5,
      "avg_time_to_mae_min": 20.375,
      "median_time_to_mae_min": 8.5,
      "month": "2025-07"
    },
    {
      "trades": 13,
      "win_rate": 38.46153846153847,
      "net_pips": 11.474999999995816,
      "net_usd": -422.8556582674424,
      "avg_duration_min": 49.92307692307692,
      "median_duration_min": 41.0,
      "avg_mae_pips": -6.82423076923267,
      "median_mae_pips": -7.300700000001825,
      "avg_mfe_pips": 7.881619230767656,
      "median_mfe_pips": 6.699299999996811,
      "avg_time_to_mfe_min": 40.07692307692308,
      "median_time_to_mfe_min": 21.0,
      "avg_time_to_mae_min": 14.076923076923077,
      "median_time_to_mae_min": 3.0,
      "month": "2025-08"
    },
    {
      "trades": 4,
      "win_rate": 0.0,
      "net_pips": -29.58194999999364,
      "net_usd": -2794.2082042392417,
      "avg_duration_min": 43.0,
      "median_duration_min": 31.0,
      "avg_mae_pips": -9.472312499999447,
      "median_mae_pips": -9.703650000000152,
      "avg_mfe_pips": 4.221350000000257,
      "median_mfe_pips": 4.996350000000405,
      "avg_time_to_mfe_min": 9.75,
      "median_time_to_mfe_min": 11.0,
      "avg_time_to_mae_min": 43.0,
      "median_time_to_mae_min": 31.0,
      "month": "2025-09"
    },
    {
      "trades": 20,
      "win_rate": 50.0,
      "net_pips": 29.01117137345807,
      "net_usd": -568.5568317598289,
      "avg_duration_min": 44.0,
      "median_duration_min": 25.0,
      "avg_mae_pips": -7.868355000000236,
      "median_mae_pips": -8.500700000003292,
      "avg_mfe_pips": 10.39418000000012,
      "median_mfe_pips": 7.111974999997983,
      "avg_time_to_mfe_min": 29.05,
      "median_time_to_mfe_min": 15.5,
      "avg_time_to_mae_min": 15.25,
      "median_time_to_mae_min": 6.5,
      "month": "2025-10"
    },
    {
      "trades": 10,
      "win_rate": 70.0,
      "net_pips": 90.6741121242851,
      "net_usd": 10782.65731033995,
      "avg_duration_min": 82.4,
      "median_duration_min": 85.0,
      "avg_mae_pips": -7.004239999999129,
      "median_mae_pips": -6.903650000000994,
      "avg_mfe_pips": 16.73829500000096,
      "median_mfe_pips": 17.009025000001543,
      "avg_time_to_mfe_min": 57.9,
      "median_time_to_mfe_min": 57.0,
      "avg_time_to_mae_min": 28.5,
      "median_time_to_mae_min": 17.5,
      "month": "2025-11"
    },
    {
      "trades": 10,
      "win_rate": 60.0,
      "net_pips": 96.26071499996726,
      "net_usd": 7263.492842932075,
      "avg_duration_min": 34.7,
      "median_duration_min": 25.0,
      "avg_mae_pips": -6.5742399999993495,
      "median_mae_pips": -5.4536499999997545,
      "avg_mfe_pips": 39.07576000000063,
      "median_mfe_pips": 23.449299999995787,
      "avg_time_to_mfe_min": 30.4,
      "median_time_to_mfe_min": 23.5,
      "avg_time_to_mae_min": 5.8,
      "median_time_to_mae_min": 2.0,
      "month": "2026-01"
    },
    {
      "trades": 16,
      "win_rate": 75.0,
      "net_pips": 146.9478683881303,
      "net_usd": 14352.55456424528,
      "avg_duration_min": 53.1875,
      "median_duration_min": 60.5,
      "avg_mae_pips": -6.466887499998997,
      "median_mae_pips": -6.106599999996831,
      "avg_mfe_pips": 18.653446875000945,
      "median_mfe_pips": 20.39635000000004,
      "avg_time_to_mfe_min": 45.9375,
      "median_time_to_mfe_min": 49.5,
      "avg_time_to_mae_min": 7.875,
      "median_time_to_mae_min": 1.0,
      "month": "2026-02"
    }
  ]
}