{
  "source_report": "research_out/session_momentum_v35c_250k.json",
  "source_csv": "research_out/USDJPY_M1_OANDA_250k.csv",
  "trades_analyzed": 88,
  "trades_skipped_missing_path": 0,
  "method": "MAE/MFE from liquidation-adjusted M1 OHLC path (session-mean spread model)",
  "overall": {
    "trades": 88,
    "win_rate": 53.40909090909091,
    "net_pips": 383.12730425373957,
    "net_usd": 34347.86707733335,
    "avg_duration_min": 53.17045454545455,
    "median_duration_min": 44.5,
    "avg_mae_pips": -7.324617613636358,
    "median_mae_pips": -7.6007000000018365,
    "avg_mfe_pips": 16.12967159090918,
    "median_mfe_pips": 11.04635000000087,
    "avg_time_to_mfe_min": 38.97727272727273,
    "median_time_to_mfe_min": 23.5,
    "avg_time_to_mae_min": 16.295454545454547,
    "median_time_to_mae_min": 6.0
  },
  "winners": {
    "trades": 47,
    "win_rate": 100.0,
    "net_pips": 678.2289042537063,
    "net_usd": 59728.78319214703,
    "avg_duration_min": 74.63829787234043,
    "median_duration_min": 71.0,
    "avg_mae_pips": -5.688693617021042,
    "median_mae_pips": -5.400700000004122,
    "avg_mfe_pips": 28.162429787234657,
    "median_mfe_pips": 22.72465000000068,
    "avg_time_to_mfe_min": 61.4468085106383,
    "median_time_to_mfe_min": 54.0,
    "avg_time_to_mae_min": 7.829787234042553,
    "median_time_to_mae_min": 0.0
  },
  "losers": {
    "trades": 41,
    "win_rate": 0.0,
    "net_pips": -295.1015999999669,
    "net_usd": -25380.91611481367,
    "avg_duration_min": 28.5609756097561,
    "median_duration_min": 17.0,
    "avg_mae_pips": -9.199945121951476,
    "median_mae_pips": -9.006599999997889,
    "avg_mfe_pips": 2.33602195121899,
    "median_mfe_pips": 0.4992999999984704,
    "avg_time_to_mfe_min": 13.21951219512195,
    "median_time_to_mfe_min": 3.0,
    "avg_time_to_mae_min": 26.0,
    "median_time_to_mae_min": 17.0
  },
  "time_to_close": {
    "avg_winner_min": 74.63829787234043,
    "median_winner_min": 71.0,
    "avg_loser_min": 28.5609756097561,
    "median_loser_min": 17.0
  },
  "session_breakdown": {
    "london": {
      "trades": 49,
      "win_rate": 48.97959183673469,
      "net_pips": 132.30264212430143,
      "net_usd": 7770.9810024939725,
      "avg_duration_min": 49.93877551020408,
      "median_duration_min": 44.0,
      "avg_mae_pips": -7.392019387757395,
      "median_mae_pips": -7.600700000003258,
      "avg_mfe_pips": 14.70343877550814,
      "median_mfe_pips": 7.699299999995901,
      "avg_time_to_mfe_min": 35.93877551020408,
      "median_time_to_mfe_min": 22.0,
      "avg_time_to_mae_min": 18.06122448979592,
      "median_time_to_mae_min": 6.0
    },
    "ny_overlap": {
      "trades": 39,
      "win_rate": 58.97435897435898,
      "net_pips": 250.82466212943814,
      "net_usd": 26576.886074839378,
      "avg_duration_min": 57.23076923076923,
      "median_duration_min": 59.0,
      "avg_mae_pips": -7.2399333333304385,
      "median_mae_pips": -7.506599999996411,
      "avg_mfe_pips": 17.92160512820792,
      "median_mfe_pips": 17.293400000002634,
      "avg_time_to_mfe_min": 42.794871794871796,
      "median_time_to_mfe_min": 27.0,
      "avg_time_to_mae_min": 14.076923076923077,
      "median_time_to_mae_min": 5.0
    }
  },
  "efficiency": {
    "mfe_capture_ratio_avg": 55.16125691287862,
    "winners_mfe_gte_tp1_pct": 87.2340425531915,
    "all_mfe_gte_tp1_pct": 46.590909090909086,
    "all_mae_lte_neg_sl_pct": 50.0
  },
  "monthly": [
    {
      "trades": 16,
      "win_rate": 43.75,
      "net_pips": 11.841136024890488,
      "net_usd": 976.8444620244454,
      "avg_duration_min": 47.5,
      "median_duration_min": 44.5,
      "avg_mae_pips": -8.202912500000004,
      "median_mae_pips": -8.456599999995262,
      "avg_mfe_pips": 10.986171874999862,
      "median_mfe_pips": 8.799299999998311,
      "avg_time_to_mfe_min": 36.0,
      "median_time_to_mfe_min": 26.5,
      "avg_time_to_mae_min": 20.375,
      "median_time_to_mae_min": 8.5,
      "month": "2025-07"
    },
    {
      "trades": 13,
      "win_rate": 38.46153846153847,
      "net_pips": 11.474999999995816,
      "net_usd": -422.8556582674424,
      "avg_duration_min": 49.92307692307692,
      "median_duration_min": 41.0,
      "avg_mae_pips": -6.82423076923267,
      "median_mae_pips": -7.300700000001825,
      "avg_mfe_pips": 7.881619230767656,
      "median_mfe_pips": 6.699299999996811,
      "avg_time_to_mfe_min": 40.07692307692308,
      "median_time_to_mfe_min": 21.0,
      "avg_time_to_mae_min": 14.076923076923077,
      "median_time_to_mae_min": 3.0,
      "month": "2025-08"
    },
    {
      "trades": 4,
      "win_rate": 0.0,
      "net_pips": -29.58194999999364,
      "net_usd": -2794.2082042392417,
      "avg_duration_min": 43.0,
      "median_duration_min": 31.0,
      "avg_mae_pips": -9.472312499999447,
      "median_mae_pips": -9.703650000000152,
      "avg_mfe_pips": 4.221350000000257,
      "median_mfe_pips": 4.996350000000405,
      "avg_time_to_mfe_min": 9.75,
      "median_time_to_mfe_min": 11.0,
      "avg_time_to_mae_min": 43.0,
      "median_time_to_mae_min": 31.0,
      "month": "2025-09"
    },
    {
      "trades": 19,
      "win_rate": 52.63157894736842,
      "net_pips": 24.895153377288466,
      "net_usd": 502.32355320020645,
      "avg_duration_min": 49.21052631578947,
      "median_duration_min": 28.0,
      "avg_mae_pips": -7.761078947368853,
      "median_mae_pips": -8.20070000000328,
      "avg_mfe_pips": 10.936326315789296,
      "median_mfe_pips": 7.699299999995901,
      "avg_time_to_mfe_min": 30.157894736842106,
      "median_time_to_mfe_min": 17.0,
      "avg_time_to_mae_min": 14.947368421052632,
      "median_time_to_mae_min": 6.0,
      "month": "2025-10"
    },
    {
      "trades": 10,
      "win_rate": 70.0,
      "net_pips": 110.31142212428051,
      "net_usd": 13289.883544992432,
      "avg_duration_min": 84.8,
      "median_duration_min": 85.0,
      "avg_mae_pips": -7.004239999999129,
      "median_mae_pips": -6.903650000000994,
      "avg_mfe_pips": 19.61829500000107,
      "median_mfe_pips": 17.009025000001543,
      "avg_time_to_mfe_min": 60.3,
      "median_time_to_mfe_min": 63.0,
      "avg_time_to_mae_min": 28.5,
      "median_time_to_mae_min": 17.5,
      "month": "2025-11"
    },
    {
      "trades": 10,
      "win_rate": 60.0,
      "net_pips": 108.58533499996071,
      "net_usd": 8517.037574156117,
      "avg_duration_min": 40.4,
      "median_duration_min": 25.0,
      "avg_mae_pips": -6.5742399999993495,
      "median_mae_pips": -5.4536499999997545,
      "avg_mfe_pips": 40.905760000000555,
      "median_mfe_pips": 23.449299999995787,
      "avg_time_to_mfe_min": 36.1,
      "median_time_to_mfe_min": 23.5,
      "avg_time_to_mae_min": 5.8,
      "median_time_to_mae_min": 2.0,
      "month": "2026-01"
    },
    {
      "trades": 16,
      "win_rate": 75.0,
      "net_pips": 145.60120772731722,
      "net_usd": 14278.841805466838,
      "avg_duration_min": 56.9375,
      "median_duration_min": 60.5,
      "avg_mae_pips": -6.466887499998997,
      "median_mae_pips": -6.106599999996831,
      "avg_mfe_pips": 19.453446875001035,
      "median_mfe_pips": 20.39635000000004,
      "avg_time_to_mfe_min": 47.3125,
      "median_time_to_mfe_min": 49.5,
      "avg_time_to_mae_min": 7.875,
      "median_time_to_mae_min": 1.0,
      "month": "2026-02"
    }
  ]
}