{
  "source_report": "research_out/session_momentum_v35c_500k.json",
  "source_csv": "research_out/USDJPY_M1_OANDA_500k.csv",
  "trades_analyzed": 203,
  "trades_skipped_missing_path": 0,
  "method": "MAE/MFE from liquidation-adjusted M1 OHLC path (session-mean spread model)",
  "overall": {
    "trades": 203,
    "win_rate": 44.827586206896555,
    "net_pips": 495.4761648584338,
    "net_usd": 35024.37061766779,
    "avg_duration_min": 44.16256157635468,
    "median_duration_min": 27.0,
    "avg_mae_pips": -8.226576108374063,
    "median_mae_pips": -8.300700000000916,
    "avg_mfe_pips": 13.80304827586236,
    "median_mfe_pips": 8.12465000000202,
    "avg_time_to_mfe_min": 30.59605911330049,
    "median_time_to_mfe_min": 14.0,
    "avg_time_to_mae_min": 13.773399014778326,
    "median_time_to_mae_min": 6.0
  },
  "winners": {
    "trades": 91,
    "win_rate": 100.0,
    "net_pips": 1313.742964858298,
    "net_usd": 93595.84344652349,
    "avg_duration_min": 71.25274725274726,
    "median_duration_min": 68.0,
    "avg_mae_pips": -5.6422087912082315,
    "median_mae_pips": -5.400700000004122,
    "avg_mfe_pips": 27.478001098901835,
    "median_mfe_pips": 22.824650000001157,
    "avg_time_to_mfe_min": 57.043956043956044,
    "median_time_to_mfe_min": 54.0,
    "avg_time_to_mae_min": 6.0989010989010985,
    "median_time_to_mae_min": 0.0
  },
  "losers": {
    "trades": 112,
    "win_rate": 0.0,
    "net_pips": -818.2667999998642,
    "net_usd": -58571.47282885571,
    "avg_duration_min": 22.151785714285715,
    "median_duration_min": 12.0,
    "avg_mae_pips": -10.326374553571302,
    "median_mae_pips": -9.203649999999186,
    "avg_mfe_pips": 2.6921491071427845,
    "median_mfe_pips": 1.1963499999993132,
    "avg_time_to_mfe_min": 9.107142857142858,
    "median_time_to_mfe_min": 3.0,
    "avg_time_to_mae_min": 20.008928571428573,
    "median_time_to_mae_min": 10.5
  },
  "time_to_close": {
    "avg_winner_min": 71.25274725274726,
    "median_winner_min": 68.0,
    "avg_loser_min": 22.151785714285715,
    "median_loser_min": 12.0
  },
  "session_breakdown": {
    "london": {
      "trades": 105,
      "win_rate": 41.904761904761905,
      "net_pips": 104.10481868238719,
      "net_usd": 2284.327842807443,
      "avg_duration_min": 41.72380952380952,
      "median_duration_min": 24.0,
      "avg_mae_pips": -7.826172857145095,
      "median_mae_pips": -8.20070000000328,
      "avg_mfe_pips": 11.252673333331293,
      "median_mfe_pips": 6.699299999996811,
      "avg_time_to_mfe_min": 29.304761904761904,
      "median_time_to_mfe_min": 14.0,
      "avg_time_to_mae_min": 15.371428571428572,
      "median_time_to_mae_min": 6.0
    },
    "ny_overlap": {
      "trades": 98,
      "win_rate": 47.95918367346938,
      "net_pips": 391.3713461760466,
      "net_usd": 32740.04277486034,
      "avg_duration_min": 46.775510204081634,
      "median_duration_min": 29.5,
      "avg_mae_pips": -8.655579591833671,
      "median_mae_pips": -8.306599999994546,
      "avg_mfe_pips": 16.53559285714564,
      "median_mfe_pips": 11.243400000002168,
      "avg_time_to_mfe_min": 31.979591836734695,
      "median_time_to_mfe_min": 14.0,
      "avg_time_to_mae_min": 12.061224489795919,
      "median_time_to_mae_min": 5.0
    }
  },
  "efficiency": {
    "mfe_capture_ratio_avg": 52.93089780823412,
    "winners_mfe_gte_tp1_pct": 89.01098901098901,
    "all_mfe_gte_tp1_pct": 39.90147783251231,
    "all_mae_lte_neg_sl_pct": 56.15763546798029
  },
  "monthly": [
    {
      "trades": 1,
      "win_rate": 0.0,
      "net_pips": -8.653299999997444,
      "net_usd": -900.5102081327016,
      "avg_duration_min": 5.0,
      "median_duration_min": 5.0,
      "avg_mae_pips": -14.306599999994773,
      "median_mae_pips": -14.306599999994773,
      "avg_mfe_pips": -0.30659999999613774,
      "median_mfe_pips": -0.30659999999613774,
      "avg_time_to_mfe_min": 1.0,
      "median_time_to_mfe_min": 1.0,
      "avg_time_to_mae_min": 5.0,
      "median_time_to_mae_min": 5.0,
      "month": "2024-10"
    },
    {
      "trades": 14,
      "win_rate": 21.428571428571427,
      "net_pips": -50.2010662250413,
      "net_usd": -6030.933718673785,
      "avg_duration_min": 31.857142857142858,
      "median_duration_min": 18.5,
      "avg_mae_pips": -14.125078571428114,
      "median_mae_pips": -8.806599999996934,
      "avg_mfe_pips": 6.996350000000616,
      "median_mfe_pips": 7.843400000002987,
      "avg_time_to_mfe_min": 19.928571428571427,
      "median_time_to_mfe_min": 8.5,
      "avg_time_to_mae_min": 19.571428571428573,
      "median_time_to_mae_min": 13.0,
      "month": "2024-11"
    },
    {
      "trades": 14,
      "win_rate": 21.428571428571427,
      "net_pips": -59.20296620081956,
      "net_usd": -3876.59706951133,
      "avg_duration_min": 22.642857142857142,
      "median_duration_min": 13.0,
      "avg_mae_pips": -9.462478571426962,
      "median_mae_pips": -8.90659999999599,
      "avg_mfe_pips": 6.74466428571573,
      "median_mfe_pips": 1.1963500000007343,
      "avg_time_to_mfe_min": 17.214285714285715,
      "median_time_to_mfe_min": 6.0,
      "avg_time_to_mae_min": 10.571428571428571,
      "median_time_to_mae_min": 8.5,
      "month": "2025-01"
    },
    {
      "trades": 19,
      "win_rate": 52.63157894736842,
      "net_pips": 179.86879091110325,
      "net_usd": 8931.507095201965,
      "avg_duration_min": 42.421052631578945,
      "median_duration_min": 27.0,
      "avg_mae_pips": -7.357678947366552,
      "median_mae_pips": -6.406599999996843,
      "avg_mfe_pips": 20.084618421054458,
      "median_mfe_pips": 8.799299999998311,
      "avg_time_to_mfe_min": 31.36842105263158,
      "median_time_to_mfe_min": 4.0,
      "avg_time_to_mae_min": 9.894736842105264,
      "median_time_to_mae_min": 3.0,
      "month": "2025-02"
    },
    {
      "trades": 19,
      "win_rate": 47.368421052631575,
      "net_pips": 56.85797798396294,
      "net_usd": 4144.803441076291,
      "avg_duration_min": 47.8421052631579,
      "median_duration_min": 54.0,
      "avg_mae_pips": -7.54373684210664,
      "median_mae_pips": -8.100700000002803,
      "avg_mfe_pips": 11.981318421051636,
      "median_mfe_pips": 7.499299999997788,
      "avg_time_to_mfe_min": 38.73684210526316,
      "median_time_to_mfe_min": 39.0,
      "avg_time_to_mae_min": 11.789473684210526,
      "median_time_to_mae_min": 10.0,
      "month": "2025-03"
    },
    {
      "trades": 14,
      "win_rate": 42.857142857142854,
      "net_pips": -2.555405922092575,
      "net_usd": -599.7871318483635,
      "avg_duration_min": 18.285714285714285,
      "median_duration_min": 10.0,
      "avg_mae_pips": -8.754492857141827,
      "median_mae_pips": -9.203649999999186,
      "avg_mfe_pips": 12.93836428571536,
      "median_mfe_pips": 8.193400000001816,
      "avg_time_to_mfe_min": 11.071428571428571,
      "median_time_to_mfe_min": 5.0,
      "avg_time_to_mae_min": 5.0,
      "median_time_to_mae_min": 3.5,
      "month": "2025-04"
    },
    {
      "trades": 14,
      "win_rate": 14.285714285714285,
      "net_pips": -79.28473999999255,
      "net_usd": -6632.895627733353,
      "avg_duration_min": 29.285714285714285,
      "median_duration_min": 35.0,
      "avg_mae_pips": -9.931800000000075,
      "median_mae_pips": -9.800700000002394,
      "avg_mfe_pips": 7.596771428571003,
      "median_mfe_pips": 6.499299999997277,
      "avg_time_to_mfe_min": 10.214285714285714,
      "median_time_to_mfe_min": 9.5,
      "avg_time_to_mae_min": 23.071428571428573,
      "median_time_to_mae_min": 22.0,
      "month": "2025-05"
    },
    {
      "trades": 20,
      "win_rate": 55.00000000000001,
      "net_pips": 75.51957005757146,
      "net_usd": 4432.740605473727,
      "avg_duration_min": 56.85,
      "median_duration_min": 35.5,
      "avg_mae_pips": -6.808059999999614,
      "median_mae_pips": -6.203649999999072,
      "avg_mfe_pips": 14.689769999999669,
      "median_mfe_pips": 12.546349999999507,
      "avg_time_to_mfe_min": 31.5,