{
  "source_report": "research_out/session_momentum_v25a_500k.json",
  "source_csv": "research_out/USDJPY_M1_OANDA_500k.csv",
  "trades_analyzed": 624,
  "trades_skipped_missing_path": 0,
  "method": "MAE/MFE from spread-adjusted liquidation OHLC path (realistic session-mean spread per bar)",
  "overall": {
    "trades": 624,
    "win_rate": 35.09615384615385,
    "net_pips": -149.13554114727987,
    "net_usd": -7646.787037519421,
    "avg_duration_min": 32.842948717948715,
    "median_duration_min": 19.0,
    "avg_mae_pips": -8.710895432692322,
    "median_mae_pips": -8.800700000003303,
    "avg_mfe_pips": 9.618331650640986,
    "median_mfe_pips": 5.246350000000177,
    "avg_time_to_mfe_min": 20.650641025641026,
    "median_time_to_mfe_min": 8.0,
    "avg_time_to_mae_min": 13.064102564102564,
    "median_time_to_mae_min": 6.0
  },
  "winners": {
    "trades": 219,
    "win_rate": 100.0,
    "net_pips": 2892.7207088522773,
    "net_usd": 132676.94728864677,
    "avg_duration_min": 60.35159817351598,
    "median_duration_min": 47.0,
    "avg_mae_pips": -5.779353424657697,
    "median_mae_pips": -5.606599999998707,
    "avg_mfe_pips": 22.89871940639262,
    "median_mfe_pips": 21.99929999999881,
    "avg_time_to_mfe_min": 45.39269406392694,
    "median_time_to_mfe_min": 34.0,
    "avg_time_to_mae_min": 4.365296803652968,
    "median_time_to_mae_min": 0.0
  },
  "losers": {
    "trades": 405,
    "win_rate": 0.0,
    "net_pips": -3041.8562499995573,
    "net_usd": -140323.7343261662,
    "avg_duration_min": 17.9679012345679,
    "median_duration_min": 9.0,
    "avg_mae_pips": -10.296099629629563,
    "median_mae_pips": -9.806599999996024,
    "avg_mfe_pips": 2.4370849382715836,
    "median_mfe_pips": 1.1992999999961285,
    "avg_time_to_mfe_min": 7.271604938271605,
    "median_time_to_mfe_min": 3.0,
    "avg_time_to_mae_min": 17.7679012345679,
    "median_time_to_mae_min": 9.0
  },
  "time_to_close": {
    "avg_winner_min": 60.35159817351598,
    "median_winner_min": 47.0,
    "avg_loser_min": 17.9679012345679,
    "median_loser_min": 9.0
  },
  "session_breakdown": {
    "london": {
      "overall": {
        "trades": 366,
        "win_rate": 35.51912568306011,
        "net_pips": -266.4058409163644,
        "net_usd": -19163.76958142561,
        "avg_duration_min": 31.218579234972676,
        "median_duration_min": 18.0,
        "avg_mae_pips": -8.43396407104032,
        "median_mae_pips": -8.600700000002348,
        "avg_mfe_pips": 8.699376912566265,
        "median_mfe_pips": 4.8992999999981635,
        "avg_time_to_mfe_min": 19.75409836065574,
        "median_time_to_mfe_min": 8.0,
        "avg_time_to_mae_min": 13.308743169398907,
        "median_time_to_mae_min": 6.0
      },
      "winners": {
        "trades": 130,
        "win_rate": 100.0,
        "net_pips": 1493.9671090835404,
        "net_usd": 53667.518960497655,
        "avg_duration_min": 54.36153846153846,
        "median_duration_min": 43.0,
        "avg_mae_pips": -5.683007692309795,
        "median_mae_pips": -5.400700000004122,
        "avg_mfe_pips": 20.54413192307502,
        "median_mfe_pips": 20.41197499999896,
        "avg_time_to_mfe_min": 42.3,
        "median_time_to_mfe_min": 30.5,
        "avg_time_to_mae_min": 3.9846153846153847,
        "median_time_to_mae_min": 0.0
      },
      "losers": {
        "trades": 236,
        "win_rate": 0.0,
        "net_pips": -1760.372949999905,
        "net_usd": -72831.28854192325,
        "avg_duration_min": 18.470338983050848,
        "median_duration_min": 10.0,
        "avg_mae_pips": -9.949321398307136,
        "median_mae_pips": -9.700700000001916,
        "avg_mfe_pips": 2.174723728811443,
        "median_mfe_pips": 1.1992999999961285,
        "avg_time_to_mfe_min": 7.334745762711864,
        "median_time_to_mfe_min": 3.0,
        "avg_time_to_mae_min": 18.444915254237287,
        "median_time_to_mae_min": 10.0
      }
    },
    "ny_overlap": {
      "overall": {
        "trades": 258,
        "win_rate": 34.49612403100775,
        "net_pips": 117.27029976908459,
        "net_usd": 11516.98254390619,
        "avg_duration_min": 35.14728682170543,
        "median_duration_min": 20.5,
        "avg_mae_pips": -9.103751550384693,
        "median_mae_pips": -9.256599999997661,
        "avg_mfe_pips": 10.921965116281873,
        "median_mfe_pips": 6.543400000002464,
        "avg_time_to_mfe_min": 21.92248062015504,
        "median_time_to_mfe_min": 9.0,
        "avg_time_to_mae_min": 12.717054263565892,
        "median_time_to_mae_min": 5.5
      },
      "winners": {
        "trades": 89,
        "win_rate": 100.0,
        "net_pips": 1398.753599768737,
        "net_usd": 79009.42832814912,
        "avg_duration_min": 69.10112359550561,
        "median_duration_min": 55.0,
        "avg_mae_pips": -5.920083146064745,
        "median_mae_pips": -5.80659999999682,
        "avg_mfe_pips": 26.33800449438463,
        "median_mfe_pips": 27.293400000004908,
        "avg_time_to_mfe_min": 49.91011235955056,
        "median_time_to_mfe_min": 41.0,
        "avg_time_to_mae_min": 4.921348314606742,
        "median_time_to_mae_min": 0.0
      },
      "losers": {
        "trades": 169,
        "win_rate": 0.0,
        "net_pips": -1281.4832999996524,
        "net_usd": -67492.44578424293,
        "avg_duration_min": 17.266272189349113,
        "median_duration_min": 8.0,
        "avg_mae_pips": -10.780357988162654,
        "median_mae_pips": -10.006599999996979,
        "avg_mfe_pips": 2.803459171600537,
        "median_mfe_pips": 1.193400000002498,
        "avg_time_to_mfe_min": 7.183431952662722,
        "median_time_to_mfe_min": 3.0,
        "avg_time_to_mae_min": 16.82248520710059,
        "median_time_to_mae_min": 8.0
      }
    }
  },
  "efficiency": {
    "mfe_capture_ratio_avg": 54.72505320610983,
    "winners_mfe_gte_tp1_pct": 89.49771689497716,
    "all_mfe_gte_tp1_pct": 31.41025641025641,
    "all_mae_lte_neg_sl_pct": 66.98717948717949
  },
  "monthly": [
    {
      "month": "2024-10",
      "trades": 10,
      "win_rate": 20.0,
      "net_pips": -39.112849999985144,
      "net_usd": -4485.701910966613,
      "avg_duration_min": 19.6,
      "median_duration_min": 6.0,
      "avg_mae_pips": -9.055819999999528,
      "median_mae_pips": -9.106599999996945,
      "avg_mfe_pips": 4.39635000000095,
      "median_mfe_pips": -0.1536499999986063,
      "avg_time_to_mfe_min": 11.1,
      "median_time_to_mfe_min": 1.5,
      "avg_time_to_mae_min": 11.5,
      "median_time_to_mae_min": 4.0
    },
    {
      "month": "2024-11",
      "trades": 45,
      "win_rate": 31.11111111111111,
      "net_pips": -65.2382671845217,
      "net_usd": -1653.9241126990414,
      "avg_duration_min": 34.93333333333333,
      "median_duration_min": 20.0,
      "avg_mae_pips": -10.761362222222097,
      "median_mae_pips": -9.800700000002394,
      "avg_mfe_pips": 9.198637777778155,
      "median_mfe_pips": 7.399299999997311,
      "avg_time_to_mfe_min": 19.155555555555555,
      "median_time_to_mfe_min": 8.0,
      "avg_time_to_mae_min": 11.422222222222222,
      "median_time_to_mae_min": 5.0
    },
    {
      "month": "2025-01",
      "trades": 36,
      "win_rate": 22.22222222222222,
      "net_pips": -97.99944310039905,
      "net_usd": -4524.260864431715,
      "avg_duration_min": 18.36111111111111,
      "median_duration_min": 7.0,
      "avg_mae_pips": -9.949888888889468,
      "median_mae_pips": -9.653649999999914,
      "avg_mfe_pips": 6.527888888888435,
      "median_mfe_pips": 2.2492999999983,
      "avg_time_to_mfe_min": 11.972222222222221,
      "median_time_to_mfe_min": 2.0,
      "avg_time_to_mae_min": 10.555555555555555,
      "median_time_to_mae_min": 5.0
    },
    {
      "month": "2025-02",
      "trades": 45,
      "win_rate": 42.22222222222222,
      "net_pips": 99.52711930960845,
      "net_usd": 6170.983352519228,
      "avg_duration_min": 28.08888888888889,
      "median_duration_min": 17.0,
      "avg_mae_pips": -8.41207999999982,