{
  "walk_forward_validation": {
    "training": {
      "candles": 700000,
      "trades": 57,
      "wr": 56.14035087719298,
      "pf": 1.1308019429634781,
      "net": 424.2300764242307,
      "maxdd": 1767.8491180045312
    },
    "testing": {
      "candles": 300000,
      "trades": 21,
      "wr": 80.95238095238095,
      "pf": 1.9898215637718368,
      "net": 861.4644763903289,
      "maxdd": 307.90389051500824
    },
    "pf_retention_pct": 175.9655239499445,
    "verdict": "PASS"
  },
  "scaling": {
    "50k": {
      "trades": 2,
      "wr": 100.0,
      "pf": Infinity,
      "net": 114.59812413835613,
      "maxdd": 0.0,
      "net_maxdd": 0.0
    },
    "250k": {
      "trades": 18,
      "wr": 83.33333333333334,
      "pf": 2.682832245468212,
      "net": 993.5531636516491,
      "maxdd": 281.703324928385,
      "net_maxdd": 3.526948657436797
    },
    "500k": {
      "trades": 34,
      "wr": 76.47058823529412,
      "pf": 1.4750385350131656,
      "net": 804.2905097322769,
      "maxdd": 883.1069570837426,
      "net_maxdd": 0.9107509608895632
    },
    "1000k": {
      "trades": 78,
      "wr": 62.82051282051282,
      "pf": 1.3137593386707833,
      "net": 1293.004581286262,
      "maxdd": 2062.619846564412,
      "net_maxdd": 0.6268748860532618
    },
    "pf_stddev": 0.6109316428678028,
    "pf_stddev_finite_only": true
  }
}