{
  "strategy": "V10.1",
  "walk_forward_validation": {
    "training": {
      "candles": 700000,
      "date_range": " \u2014 ",
      "trades": 136,
      "wr": 63.23529411764706,
      "pf": 1.0928135263333227,
      "net": 716.6014128497936,
      "maxdd": 1917.624851092347
    },
    "testing": {
      "candles": 300000,
      "date_range": " \u2014 ",
      "trades": 67,
      "wr": 71.64179104477611,
      "pf": 1.3219131795575594,
      "net": 1003.1165430697613,
      "maxdd": 1272.689231517761
    },
    "degradation": {
      "pf_change": 0.22909965322423664,
      "pf_change_pct": 20.964203654481324,
      "wr_change": 8.406496927129055,
      "pf_retention_pct": 120.96420365448132,
      "verdict": "ROBUST"
    }
  }
}