{
  "strategy_id": "tokyo_mean_reversion_v6",
  "run_label": "50k",
  "input_csv": "/Users/codygnon/Documents/usdjpy_assistant/USDJPY_M1_50k_new.csv",
  "summary": {
    "total_trades": 2,
    "win_rate_pct": 50.0,
    "average_win_pips": 8.32500000000067,
    "average_win_usd": 91.39388553803492,
    "average_loss_pips": -16.6499999999985,
    "average_loss_usd": -194.8679631816581,
    "largest_win_usd": 91.39388553803492,
    "largest_loss_usd": -194.8679631816581,
    "profit_factor": 0.4690041607959771,
    "net_profit_usd": -103.47407764362318,
    "net_profit_pips": -8.324999999997829,
    "return_on_starting_equity_pct": -0.20694815528724575,
    "max_drawdown_usd": 194.8679631816558,
    "max_drawdown_pct": 0.3890248365356757,
    "max_consecutive_wins": 1,
    "max_consecutive_losses": 1,
    "average_trade_duration_minutes": 1563.0,
    "sharpe_ratio": -0.5100678983892617,
    "calmar_ratio": -0.5319664346630153,
    "starting_equity_usd": 50000.0,
    "ending_equity_usd": 49896.52592235638
  },
  "breakdown": {
    "long_performance": {
      "trades": 1,
      "win_rate_pct": 0.0,
      "avg_pips": -16.6499999999985,
      "profit_factor": 0.0,
      "net_usd": -194.8679631816581
    },
    "short_performance": {
      "trades": 1,
      "win_rate_pct": 100.0,
      "avg_pips": 8.32500000000067,
      "profit_factor": Infinity,
      "net_usd": 91.39388553803492
    },
    "day_of_week": [
      {
        "day": "Fri",
        "trades": 1,
        "win_rate_pct": 0.0,
        "net_usd": -194.8679631816581,
        "avg_pips": -16.6499999999985
      },
      {
        "day": "Thu",
        "trades": 1,
        "win_rate_pct": 100.0,
        "net_usd": 91.39388553803492,
        "avg_pips": 8.32500000000067
      }
    ],
    "monthly": [
      {
        "month": "2026-01",
        "trades": 2,
        "win_rate_pct": 50.0,
        "net_usd": -103.47407764362318,
        "net_pips": -8.324999999997829
      }
    ],
    "average_trades_per_session": 0.07142857142857142,
    "pct_sessions_with_zero_trades": 92.85714285714286,
    "exit_distribution": [
      {
        "exit_reason": "session_close",
        "count": 1,
        "net_usd": -194.8679631816581
      },
      {
        "exit_reason": "tp1_then_session_close",
        "count": 1,
        "net_usd": 91.39388553803492
      }
    ],
    "avg_confluence_score_winners": 5.0,
    "avg_confluence_score_losers": 5.0
  },
  "partial_tp_stats": {
    "times_partial_tp_hit": 1,
    "avg_pips_at_partial_tp": 6.0,
    "remaining_50pct_outcomes": {
      "hit_full_tp": 0,
      "hit_trailing_stop": 0,
      "hit_breakeven_stop": 0,
      "closed_time_decay": 0,
      "closed_session_end": 1
    }
  },
  "entry_confirmation_stats": {
    "signals_generated": 11,
    "signals_confirmed": 2,
    "signals_expired": 0,
    "avg_confirmation_delay_candles": 2.5
  },
  "session_pnl_distribution": {
    "sessions_positive": 1,
    "sessions_negative": 1,
    "sessions_zero_trades": 26,
    "avg_session_pnl": -3.695502772986542,
    "best_session_pnl": 91.39388553803492,
    "worst_session_pnl": -194.8679631816581
  },
  "day_of_week_detailed": {
    "Tuesday": {
      "trades": 0,
      "wr": 0.0,
      "net_pnl": 0.0,
      "pf": 0.0
    },
    "Wednesday": {
      "trades": 0,
      "wr": 0.0,
      "net_pnl": 0.0,
      "pf": 0.0
    },
    "Thursday": {
      "trades": 1,
      "wr": 100.0,
      "net_pnl": 91.39388553803492,
      "pf": Infinity
    },
    "Friday": {
      "trades": 1,
      "wr": 0.0,
      "net_pnl": -194.8679631816581,
      "pf": 0.0
    }
  },
  "hourly_detailed": {
    "16": {
      "trades": 0,
      "wr": 0.0,
      "net_pnl": 0.0
    },
    "17": {
      "trades": 0,
      "wr": 0.0,
      "net_pnl": 0.0
    },
    "18": {
      "trades": 0,
      "wr": 0.0,
      "net_pnl": 0.0
    },
    "19": {
      "trades": 1,
      "wr": 100.0,
      "net_pnl": 91.39388553803492
    },
    "20": {
      "trades": 1,
      "wr": 0.0,
      "net_pnl": -194.8679631816581
    },
    "21": {
      "trades": 0,
      "wr": 0.0,
      "net_pnl": 0.0
    },
    "22": {
      "trades": 0,
      "wr": 0.0,
      "net_pnl": 0.0
    }
  },
  "regime_gate_stats": {
    "bars_favorable": 0,
    "bars_neutral": 0,
    "bars_unfavorable": 0,
    "trades_at_full_size": 0,
    "trades_at_reduced_size": 2,
    "trades_blocked_by_regime": 0,
    "pnl_favorable_trades": 0.0,
    "pnl_neutral_trades": -103.47407764362318
  },
  "signal_quality_stats": {
    "high_quality_trades": 0,
    "medium_quality_trades": 2,
    "low_quality_skipped": 0,
    "pnl_high_quality": 0.0,
    "pnl_medium_quality": -103.47407764362318
  },
  "drawdown_sizing_stats": {
    "trades_at_full_size": 2,
    "trades_at_tier1_reduction": 0,
    "trades_at_tier2_reduction": 0,
    "times_trading_paused": 0,
    "total_bars_paused": 0
  },
  "hour_preference_stats": {
    "16": {
      "trades": 0,
      "avg_size_mult": 0.0,
      "net_pnl": 0.0
    },
    "17": {
      "trades": 0,
      "avg_size_mult": 0.0,
      "net_pnl": 0.0
    },
    "18": {
      "trades": 0,
      "avg_size_mult": 0.0,
      "net_pnl": 0.0
    },
    "19": {
      "trades": 1,
      "avg_size_mult": 1.0,
      "net_pnl": 91.39388553803492
    },
    "20": {
      "trades": 1,
      "avg_size_mult": 1.0,
      "net_pnl": -194.8679631816581
    },
    "21": {
      "trades": 0,
      "avg_size_mult": 0.0,
      "net_pnl": 0.0
    },
    "22": {
      "trades": 0,
      "avg_size_mult": 0.0,
      "net_pnl": 0.0
    }
  },
  "adx_filter_stats": {
    "trades_allowed": 2,
    "trades_blocked_by_adx": 4,
    "avg_adx_at_entry": 28.500718350962895,
    "avg_adx_at_blocked": 30.531228957267746
  },
  "combo_filter_stats": {
    "mode_used": "blocklist",
    "trades_allowed": 2,
    "trades_blocked_by_combo": 11,
    "combo_distribution": {
      "ABCDE": {
        "trades": 2,
        "wr": 50.0,
        "pf": 0.4690041607959771,
        "net": -103.47407764362318
      }
    }
  },
  "daily_range_filter_stats": {
    "sessions_allowed": 9,
    "sessions_blocked_high_range": 18,
    "sessions_blocked_low_range": 0
  },
  "entry_improvement_stats": {
    "signals_with_limit_placed": 11,
    "limits_filled": 2,
    "limits_expired": 4,
    "fill_rate": 18.181818181818183,
    "avg_improvement_pips": -0.0999999999990564
  },
  "diagnostics": {
    "counts": {
      "bars_total": 50000,
      "bars_outside_tokyo_hours": 29978,
      "bars_disallowed_day": 10787,
      "bars_in_session": 9235,
      "bars_passed_session_filter": 9235,
      "blocked_daily_range_high": 5938,
      "bars_passed_indicator_check": 2967,
      "bars_passed_breakout_check": 2742,
      "bars_passed_regime_filter": 2617,
      "bars_after_global_filters": 2592,
      "bars_passed_atr_filter": 2592,
      "bars_reached_signal_scoring": 2592,
      "blocked_no_signal": 2560,
      "bars_with_sar_flip": 2527,
      "bars_with_short_signal_zone": 1666,
      "short_cond_zone_true": 1666,
      "long_cond_sar_true": 1271,
      "short_cond_sar_true": 1256,
      "short_cond_rsi_soft_true": 620,
      "bars_with_long_signal_zone": 373,
      "long_cond_zone_true": 373,
      "bars_with_bb_touch": 372,
      "blocked_daily_range_missing": 330,
      "long_cond_rsi_soft_true": 240,
      "blocked_breakout_cooldown_active": 210,
      "short_cond_bb_true": 203,
      "long_cond_bb_true": 169,
      "blocked_regime_not_ranging": 125,
      "bars_with_confluence_met": 32,
      "short_all_core_conditions_true": 26,
      "short_confluence_min_met": 26,
      "blocked_atr_above_max": 25,
      "blocked_breakout_rolling_range": 15,
      "gate_breakout_disable_triggered": 15,
      "signal_short": 15,
      "blocked_combo_filter": 11,
      "long_all_core_conditions_true": 6,
      "long_confluence_min_met": 6,
      "signal_long": 6,
      "blocked_adx_filter": 4,
      "bars_with_entry_triggered": 2,
      "entries_total": 2,
      "blocked_min_entry_gap": 1,
      "entries_long": 1,