{
  "walkforward": {
    "strat_a": {
      "train": {
        "trades": 153,
        "wr": 50.98039215686274,
        "pf": 0.8246011733454827,
        "net": -7802.968356425959,
        "maxdd": 21531.244301234357
      },
      "test": {
        "trades": 78,
        "wr": 57.692307692307686,
        "pf": 0.9141221023858451,
        "net": -1642.023273335939,
        "maxdd": 8689.2860618298
      },
      "pf_retention_pct": 110.85626990768978,
      "verdict": "ROBUST"
    },
    "strat_b": {
      "train": {
        "trades": 58,
        "wr": 44.827586206896555,
        "pf": 0.7100687430294691,
        "net": -2338.3336442404793,
        "maxdd": 20130.428704509744
      },
      "test": {
        "trades": 24,
        "wr": 58.333333333333336,
        "pf": 1.0958424712581873,
        "net": 240.86711446591522,
        "maxdd": 8664.538608069037
      },
      "pf_retention_pct": 154.32906771573073,
      "verdict": "ROBUST"
    },
    "combined": {
      "train": {
        "trades": 211,
        "pf": 0.8070239793031961,
        "net": -10141.302000666441,
        "maxdd": 21531.244301234357
      },
      "test": {
        "trades": 102,
        "pf": 0.9352324008979811,
        "net": -1401.1561588700229,
        "maxdd": 8975.019449517218
      },
      "pf_retention_pct": 115.8865690342291,
      "verdict": "ROBUST"
    }
  }
}