{
  "analysis_1_signal_strength": {
    "250k": {
      "signal_strength_by_tier": {
        "weak_1_3": {
          "trades": 10,
          "wr": 60.0,
          "pf": 0.796820674333237,
          "net": -92.22934853760427,
          "avg_pips": -1.0864310031825208,
          "avg_win_pips": 5.63928166136109,
          "avg_loss_pips": -11.174999999997937
        },
        "moderate_4_6": {
          "trades": 36,
          "wr": 80.55555555555556,
          "pf": 2.615141302761648,
          "net": 1953.6571825137996,
          "avg_pips": 2.8151788494581744,
          "avg_win_pips": 5.653325468292728,
          "avg_loss_pips": -8.942857142856399
        },
        "strong_7_10": {
          "trades": 5,
          "wr": 80.0,
          "pf": 1.0894724230368225,
          "net": 25.305726092675286,
          "avg_pips": 3.8278615019607742,
          "avg_win_pips": 7.284826877450826,
          "avg_loss_pips": -9.999999999999432
        }
      },
      "score_stats": {
        "avg_score_all": 5.03921568627451,
        "avg_score_winners": 5.153846153846154,
        "avg_score_losers": 4.666666666666667,
        "median_score_winners": 5.0,
        "median_score_losers": 5.0
      }
    },
    "500k": {
      "signal_strength_by_tier": {
        "weak_1_3": {
          "trades": 16,
          "wr": 68.75,
          "pf": 1.261816119122972,
          "net": 152.37286130401327,
          "avg_pips": 0.6075872979315577,
          "avg_win_pips": 6.265581524263169,
          "avg_loss_pips": -11.839999999997985
        },
        "moderate_4_6": {
          "trades": 67,
          "wr": 70.1492537313433,
          "pf": 1.0177331584474023,
          "net": 71.56599559817718,
          "avg_pips": 0.24170025167537698,
          "avg_win_pips": 5.3853315644447495,
          "avg_loss_pips": -11.84583333333265
        },
        "strong_7_10": {
          "trades": 17,
          "wr": 76.47058823529412,
          "pf": 0.9776437810359025,
          "net": -21.289486590151853,
          "avg_pips": 0.8295133034510089,
          "avg_win_pips": 5.684748166051202,
          "avg_loss_pips": -14.94999999999962
        }
      },
      "score_stats": {
        "avg_score_all": 5.27,
        "avg_score_winners": 5.309859154929577,
        "avg_score_losers": 5.172413793103448,
        "median_score_winners": 6.0,
        "median_score_losers": 5.0
      }
    },
    "1000k": {
      "signal_strength_by_tier": {
        "weak_1_3": {
          "trades": 33,
          "wr": 66.66666666666666,
          "pf": 1.6677089051753011,
          "net": 677.5706824717258,
          "avg_pips": 1.403374163414379,
          "avg_win_pips": 6.5550612451208545,
          "avg_loss_pips": -9.789999999998429
        },
        "moderate_4_6": {
          "trades": 125,
          "wr": 66.4,
          "pf": 1.0292900305277042,
          "net": 214.84586497612855,
          "avg_pips": 0.06441231012491959,
          "avg_win_pips": 5.279580788340293,
          "avg_loss_pips": -10.241753968253082
        },
        "strong_7_10": {
          "trades": 45,
          "wr": 64.44444444444444,
          "pf": 1.2021243069713805,
          "net": 498.8542804486908,
          "avg_pips": 0.8410480315820177,
          "avg_win_pips": 6.8809366007302915,
          "avg_loss_pips": -10.106249999999228
        }
      },
      "score_stats": {
        "avg_score_all": 5.295566502463054,
        "avg_score_winners": 5.276119402985074,
        "avg_score_losers": 5.333333333333333,
        "median_score_winners": 6.0,
        "median_score_losers": 5.0
      }
    }
  },
  "analysis_2_toxic_regime": {
    "blocks_30_trading_days": [
      {
        "block_id": 1,
        "date_range": "2023-06-27 \u2014 2023-10-17",
        "start_date": "2023-06-27",
        "end_date": "2023-10-17",
        "trades": 37,
        "wr": 75.67567567567568,
        "pf": 3.2195155914613114,
        "net_pnl": 1817.4390232019236,
        "market_stats": {
          "avg_daily_range_pips": 110.15999999999973,
          "avg_atr_m15": 0.10208490807124625,
          "avg_adx_m15": 32.7657524855477,
          "avg_bb_width_m5": 0.0017194004439304979,
          "usdjpy_net_move_pips": 588.300000000001,
          "usdjpy_direction": "up",
          "max_daily_range_in_block": 220.5999999999989,
          "days_with_range_gt_60_pips": 28
        },
        "classification": "profitable"
      },
      {
        "block_id": 2,
        "date_range": "2023-10-31 \u2014 2024-05-22",
        "start_date": "2023-10-31",
        "end_date": "2024-05-22",
        "trades": 42,
        "wr": 59.523809523809526,
        "pf": 1.037241366917084,
        "net_pnl": 97.00877560555887,
        "market_stats": {
          "avg_daily_range_pips": 112.14999999999976,
          "avg_atr_m15": 0.09329597014363983,
          "avg_adx_m15": 34.11233884136529,
          "avg_bb_width_m5": 0.0015281803589124632,
          "usdjpy_net_move_pips": 541.4999999999992,
          "usdjpy_direction": "up",
          "max_daily_range_in_block": 262.89999999999907,
          "days_with_range_gt_60_pips": 27
        },
        "classification": "profitable"
      },
      {
        "block_id": 3,
        "date_range": "2024-05-28 \u2014 2025-01-14",
        "start_date": "2024-05-28",
        "end_date": "2025-01-14",
        "trades": 38,
        "wr": 52.63157894736842,
        "pf": 0.6902855629340099,
        "net_pnl": -803.1395680381554,
        "market_stats": {
          "avg_daily_range_pips": 167.03666666666655,
          "avg_atr_m15": 0.141059459253828,
          "avg_adx_m15": 36.14574944416233,
          "avg_bb_width_m5": 0.002382161179162441,
          "usdjpy_net_move_pips": 77.60000000000105,
          "usdjpy_direction": "up",
          "max_daily_range_in_block": 442.5999999999988,
          "days_with_range_gt_60_pips": 29
        },
        "classification": "losing"
      },
      {
        "block_id": 4,
        "date_range": "2025-01-15 \u2014 2025-08-21",
        "start_date": "2025-01-15",
        "end_date": "2025-08-21",
        "trades": 41,
        "wr": 60.97560975609756,
        "pf": 0.4778387129225201,
        "net_pnl": -1723.1571543357704,
        "market_stats": {
          "avg_daily_range_pips": 141.3833333333334,
          "avg_atr_m15": 0.13794138860132032,
          "avg_adx_m15": 33.3991678137563,
          "avg_bb_width_m5": 0.00227897680344769,
          "usdjpy_net_move_pips": -783.6000000000013,
          "usdjpy_direction": "down",
          "max_daily_range_in_block": 314.7999999999996,
          "days_with_range_gt_60_pips": 30
        },
        "classification": "losing"
      },
      {
        "block_id": 5,
        "date_range": "2025-08-28 \u2014 2026-02-05",
        "start_date": "2025-08-28",
        "end_date": "2026-02-05",
        "trades": 43,
        "wr": 81.3953488372093,
        "pf": 2.270723529566564,
        "net_pnl": 1896.3664971333294,
        "market_stats": {
          "avg_daily_range_pips": 120.46666666666663,
          "avg_atr_m15": 0.10506513687409474,
          "avg_adx_m15": 34.511367003356646,
          "avg_bb_width_m5": 0.0016916786160966544,
          "usdjpy_net_move_pips": 997.2000000000008,
          "usdjpy_direction": "up",
          "max_daily_range_in_block": 228.60000000000014,
          "days_with_range_gt_60_pips": 30
        },
        "classification": "profitable"
      },
      {
        "block_id": 6,
        "date_range": "2026-02-24 \u2014 2026-02-24",
        "start_date": "2026-02-24",
        "end_date": "2026-02-24",
        "trades": 2,
        "wr": 50.0,
        "pf": 13.307876883293227,
        "net_pnl": 106.75325432965981,
        "market_stats": {
          "avg_daily_range_pips": 165.70000000000107,
          "avg_atr_m15": 0.11742099491575812,
          "avg_adx_m15": 30.033817595813428,
          "avg_bb_width_m5": 0.0021654730646392473,
          "usdjpy_net_move_pips": 0.0,
          "usdjpy_direction": "flat",