{
  "walkforward": {
    "strat_a": {
      "train": {
        "trades": 962,
        "wr": 51.767151767151766,
        "pf": 0.6110787982495641,
        "net": -58163.03164569815,
        "maxdd": 70188.89506004444
      },
      "test": {
        "trades": 433,
        "wr": 62.586605080831404,
        "pf": 0.9474880314427775,
        "net": -4409.674953406521,
        "maxdd": 16021.965103029957
      },
      "pf_retention_pct": 155.05169450435164,
      "verdict": "ROBUST"
    },
    "strat_b": {
      "train": {
        "trades": 146,
        "wr": 35.61643835616438,
        "pf": 0.3898740370181589,
        "net": -11691.64332500572,
        "maxdd": 67418.11433803392
      },
      "test": {
        "trades": 58,
        "wr": 37.93103448275862,
        "pf": 0.602780292193457,
        "net": -4213.90377794861,
        "maxdd": 14586.988566259388
      },
      "pf_retention_pct": 154.60898520036145,
      "verdict": "ROBUST"
    },
    "combined": {
      "train": {
        "trades": 1108,
        "pf": 0.5859539349378179,
        "net": -69854.67497070387,
        "maxdd": 70188.89506004444
      },
      "test": {
        "trades": 491,
        "pf": 0.9088254331585102,
        "net": -8623.578731355132,
        "maxdd": 16021.965103029957
      },
      "pf_retention_pct": 155.10185681319058,
      "verdict": "ROBUST"
    }
  }
}