{
  "strategy": "V7",
  "walk_forward_validation": {
    "training": {
      "candles": 700000,
      "date_range": " \u2014 ",
      "trades": 136,
      "wr": 63.23529411764706,
      "pf": 1.0527811206798836,
      "net": 405.20653203602205,
      "maxdd": 1807.1331648167688
    },
    "testing": {
      "candles": 300000,
      "date_range": " \u2014 ",
      "trades": 67,
      "wr": 71.64179104477611,
      "pf": 1.3139481462738898,
      "net": 978.133178974484,
      "maxdd": 1272.689231517761
    },
    "degradation": {
      "pf_change": 0.2611670255940062,
      "pf_change_pct": 24.80734318500555,
      "wr_change": 8.406496927129055,
      "pf_retention_pct": 124.80734318500555,
      "verdict": "ROBUST"
    }
  }
}