{
  "walk_forward_validation": {
    "training": {
      "candles": 700000,
      "trades": 707,
      "wr": 28.854314002828858,
      "pf": 0.33292064197973786,
      "net": -62319.79390861776,
      "maxdd": 61976.527302466915
    },
    "testing": {
      "candles": 300000,
      "trades": 286,
      "wr": 24.125874125874127,
      "pf": 0.2048080642355187,
      "net": -41804.23252888046,
      "maxdd": 41251.76573503662
    },
    "degradation": {
      "pf_change": -0.12811257774421916,
      "pf_change_pct": -38.48141616644375,
      "wr_change": -4.728439876954731,
      "pf_retention_pct": 61.51858383355625,
      "verdict": "OVERFIT"
    }
  }
}