{
  "walk_forward_validation": {
    "training": {
      "candles": 700000,
      "trades": 31,
      "wr": 74.19354838709677,
      "pf": 3.490112828096556,
      "net": 1017.6127628209634,
      "maxdd": 219.15567794942763
    },
    "testing": {
      "candles": 300000,
      "trades": 10,
      "wr": 90.0,
      "pf": 5.719907636873845,
      "net": 298.6068548575743,
      "maxdd": 0.0
    },
    "degradation": {
      "pf_change": 2.229794808777289,
      "pf_change_pct": 63.88890327059652,
      "wr_change": 15.806451612903231,
      "pf_retention_pct": 163.8889032705965
    }
  }
}