{
  "asian_range_stats": {
    "avg_width_pips": 33.48764204545451,
    "median_width_pips": 27.250000000000796,
    "min_width": 5.599999999998317,
    "max_width": 458.6999999999989,
    "pct_under_12_pips": 6.534090909090909,
    "pct_12_to_30_pips": 52.55681818181818,
    "pct_30_to_40_pips": 16.90340909090909,
    "pct_over_40_pips": 24.005681818181817,
    "performance_by_range_bucket": {
      "tight_under_12": {
        "trades": 0,
        "wr": 0.0,
        "pf": 0.0,
        "net": 0.0
      },
      "normal_12_30": {
        "trades": 36,
        "wr": 44.44444444444444,
        "pf": 0.6698676800898687,
        "net": -2139.3090732303494
      },
      "wide_30_40": {
        "trades": 40,
        "wr": 50.0,
        "pf": 0.9470241073442311,
        "net": -183.4364109590772
      }
    }
  },
  "fakeout_stats": {
    "total_breakout_signals": 855,
    "confirmed_breakouts": 82,
    "fakeouts_avoided": 81,
    "whipsaws_detected": 0,
    "sessions_stopped_after_2_fails": 0,
    "time_exit_triggers": 8,
    "time_exit_reason": "time_exit_30min",
    "avg_breakout_speed_pips_per_5min": {
      "winners": 2.0446741376636397,
      "losers": -2.8197420619874585
    }
  }
}