metric,value
count,8588.0
mean,46.80252689799721
std,13.563552665690612
min,9.604
50%,46.200500000000005
70%,53.32339999999999
80%,58.110600000000005
90%,65.0225
95%,70.84559999999999
max,93.026
