lookback,corr_rej_to_future_cross,samples
13,-0.00674,10045
8,-0.01581,10050
21,-0.01655,10037
3,-0.02001,10055
5,-0.02032,10053
