{
  "v40b_mo2": {
    "summary": {
      "trades": 219,
      "wins": 93,
      "losses": 126,
      "win_rate": 42.466,
      "net_pips": 346.137,
      "net_usd": 13100.176,
      "avg_win_pips": 13.778,
      "avg_loss_pips": -7.422,
      "median_win_pips": 9.625,
      "median_loss_pips": -7.053,
      "breakeven_win_rate_est": 35.011,
      "profit_factor": 1.3701,
      "max_drawdown_usd": 13671.63,
      "max_open_positions": 3
    },
    "pnl_structure": {
      "avg_win_pips": 13.778103548069643,
      "avg_loss_pips": -7.422437301586333,
      "avg_win_usd": 780.4309831536605,
      "avg_loss_usd": -472.06274520551443,
      "realized_rr_usd": 1.6532357002963594,
      "expectancy_usd_per_trade": 59.81815313879269,
      "profit_factor_calc": 1.220245397837789,
      "top10_profit_share_pct": 62.69153814354813
    },
    "session_split": {
      "ny_overlap": {
        "trades": 92,
        "wr": 43.47826086956522,
        "net_usd": 7094.410380186901,
        "net_pips": 226.09999090250142,
        "avg_usd_per_trade": 77.11315630637937
      },
      "london": {
        "trades": 127,
        "wr": 41.732283464566926,
        "net_usd": 6005.765157208696,
        "net_pips": 120.03653906809745,
        "avg_usd_per_trade": 47.28948942684013
      }
    },
    "time_to_outcome_minutes": {
      "avg_all": 44.68493150684932,
      "avg_winners": 83.6236559139785,
      "avg_losers": 15.944444444444445
    },
    "r_multiples": {
      "count": 219,
      "mean": 0.18939557822915254,
      "median": -0.9999999999999025
    },
    "streak_dd_consistency": {
      "max_consec_wins": 6,
      "max_consec_losses": 13,
      "lag1_autocorr": 0.14552769909384292,
      "max_dd_pct": 14.57214014646382,
      "max_dd_duration_trades": 194,
      "equity_r2": 0.08576734292998844,
      "profitable_months_pct": 46.666666666666664,
      "monthly_usd_stddev": 4856.847629431536,
      "rolling50_expectancy_last": 520.2998328523352,
      "rolling50_expectancy_min": -152.79116784412017,
      "rolling50_expectancy_max": 536.4153736459957
    },
    "exit_reasons": {
      "sl": 124,
      "tp1_then_trail": 67,
      "tp1_then_tp2": 21,
      "session_end_full_risk": 7
    },
    "blocked_reasons_focus": {
      "v5_margin_cap": 67,
      "v5_max_open_cap": 3067,
      "v5_daily_loss_usd_stop": 1787,
      "v5_intrabar_conflict_tp1_stop": 0,
      "v5_intrabar_conflict_tp2_stop": 0,
      "v5_intrabar_conflict_stop_chosen": 0,
      "v5_intrabar_conflict_tp_chosen": 0,
      "v5_entry_spread_too_high": 0,
      "v5_atr_high_regime": 19209,
      "v5_skip_weak": 3864,
      "v5_session_entry_cutoff": 7588
    },
    "hourly_usd": {
      "8": {
        "trades": 27,
        "wr": 55.55555555555556,
        "net_usd": -1273.9675805413335
      },
      "9": {
        "trades": 100,
        "wr": 38.0,
        "net_usd": 7279.732737750028
      },
      "13": {
        "trades": 69,
        "wr": 43.47826086956522,
        "net_usd": 4939.2768733937055
      },
      "14": {
        "trades": 23,
        "wr": 43.47826086956522,
        "net_usd": 2155.1335067932
      }
    },
    "dow_usd": {
      "0": {
        "trades": 53,
        "wr": 39.62264150943396,
        "net_usd": 198.16594572005783
      },
      "1": {
        "trades": 37,
        "wr": 48.64864864864865,
        "net_usd": 9196.215941167633
      },
      "2": {
        "trades": 44,
        "wr": 43.18181818181818,
        "net_usd": 2248.676308207626
      },
      "3": {
        "trades": 46,
        "wr": 43.47826086956522,
        "net_usd": -2133.832365845846
      },
      "4": {
        "trades": 39,
        "wr": 38.46153846153847,
        "net_usd": 3590.949708146124
      }
    },
    "unavailable_metrics": [
      "mfe_capture_ratio",
      "mae_at_exit",
      "entry_red_first_vs_green_first",
      "early_mfe_predictor",
      "time_to_mfe_vs_time_to_mae"
    ]
  },
  "v40b_mo3": {
    "summary": {
      "trades": 236,
      "wins": 101,
      "losses": 135,
      "win_rate": 42.797,
      "net_pips": 463.504,
      "net_usd": 18003.064,
      "avg_win_pips": 14.516,
      "avg_loss_pips": -7.427,
      "median_win_pips": 10.213,
      "median_loss_pips": -7.053,
      "breakeven_win_rate_est": 33.846,
      "profit_factor": 1.4623,
      "max_drawdown_usd": 14914.789,
      "max_open_positions": 3
    },
    "pnl_structure": {
      "avg_win_pips": 14.516220441763984,
      "avg_loss_pips": -7.426921481480467,
      "avg_win_usd": 812.4714982458245,
      "avg_loss_usd": -474.4930156309895,
      "realized_rr_usd": 1.7122939041903178,
      "expectancy_usd_per_trade": 76.28417039256227,
      "profit_factor_calc": 1.281049513505349,
      "top10_profit_share_pct": 62.26354754290564
    },
    "session_split": {
      "ny_overlap": {
        "trades": 96,
        "wr": 43.75,
        "net_usd": 8185.145634363741,
        "net_pips": 262.15969596622955,
        "avg_usd_per_trade": 85.26193369128897
      },
      "london": {
        "trades": 140,
        "wr": 42.142857142857146,
        "net_usd": 9817.918578280956,
        "net_pips": 201.34416865206987,
        "avg_usd_per_trade": 70.12798984486398
      }
    },
    "time_to_outcome_minutes": {
      "avg_all": 46.936440677966104,
      "avg_winners": 87.58415841584159,
      "avg_losers": 16.525925925925925
    },
    "r_multiples": {
      "count": 236,
      "mean": 0.23717541700905437,
      "median": -0.9999999999999025
    },
    "streak_dd_consistency": {
      "max_consec_wins": 6,
      "max_consec_losses": 14,
      "lag1_autocorr": 0.15679017547144786,
      "max_dd_pct": 15.81529952263237,
      "max_dd_duration_trades": 204,
      "equity_r2": 0.10796646778459629,
      "profitable_months_pct": 40.0,
      "monthly_usd_stddev": 5791.577444774137,
      "rolling50_expectancy_last": 635.1667461783466,
      "rolling50_expectancy_min": -161.64661156158147,
      "rolling50_expectancy_max": 655.7025133547245
    },
    "exit_reasons": {
      "sl": 133,
      "tp1_then_trail": 73,
      "tp1_then_tp2": 22,
      "session_end_full_risk": 8
    },
    "blocked_reasons_focus": {
      "v5_margin_cap": 101,
      "v5_max_open_cap": 1835,
      "v5_daily_loss_usd_stop": 1777,
      "v5_intrabar_conflict_tp1_stop": 0,
      "v5_intrabar_conflict_tp2_stop": 0,
      "v5_intrabar_conflict_stop_chosen": 0,
      "v5_intrabar_conflict_tp_chosen": 0,
      "v5_entry_spread_too_high": 0,
      "v5_atr_high_regime": 19394,
      "v5_skip_weak": 3899,
      "v5_session_entry_cutoff": 7986
    },
    "hourly_usd": {
      "8": {
        "trades": 28,
        "wr": 57.14285714285714,
        "net_usd": -1102.2435343248587
      },
      "9": {
        "trades": 112,
        "wr": 38.392857142857146,
        "net_usd": 10920.162112605814
      },
      "13": {
        "trades": 73,
        "wr": 43.83561643835616,
        "net_usd": 6461.81254003425
      },
      "14": {
        "trades": 23,
        "wr": 43.47826086956522,
        "net_usd": 1723.3330943294955
      }
    },
    "dow_usd": {
      "0": {
        "trades": 60,
        "wr": 41.66666666666667,
        "net_usd": 1142.7427461571526
      },
      "1": {
        "trades": 39,
        "wr": 48.717948717948715,
        "net_usd": 14762.799196672526
      },
      "2": {
        "trades": 46,
        "wr": 43.47826086956522,
        "net_usd": 2382.4411990721783
      },
      "3": {
        "trades": 50,
        "wr": 44.0,
        "net_usd": -2326.4079339757486
      },
      "4": {
        "trades": 41,
        "wr": 36.58536585365854,
        "net_usd": 2041.4890047185886
      }
    },
    "unavailable_metrics": [
      "mfe_capture_ratio",
      "mae_at_exit",
      "entry_red_first_vs_green_first",
      "early_mfe_predictor",
      "time_to_mfe_vs_time_to_mae"
    ]
  }
}